,Item,Location,Definition
,"Twin sisters throw out their printers, because one prints out too many lines and the other no lines.",[MCC] sign at drive in,"System.out.println() prints to the console with a newline character, while System.out.print() does without."
,Mario double-jumping so much that he is basically floating.,[MCC] concrete sculpture at drive in,"In Java, double is used to declare a float."
,"A plumber getting an eel out of the sink, and ink is all over the place.",[MCC] corner of building at drive in,"In Java, += increments by the number that follows."
,An intelligent snake speaking parseltongue to give a hint to Harry Potter.,[MCC] crosswalk at drive in,Integer.parseInt() converts a string to an integer.
,Parents critiquing a college thesis about types of casts.,[MCC] picnic pavillion in front,(type) is how you cast types.
,Cheap people using a piece string to pay for the value of conversion therapy.,[MCC] flag in the front,String.valueOf() is how you convert other types to strings.
,A fool selling another fool a very sparse christmas tree.,[MCC] in front of the glass doors,Boolean.parseBoolean() converts to booleans.
,"Two dubstep dancers dancing, but one has very sparse hair.",[MCC] in the entrance of the glass doors.,Double.parseDouble() converts a string to a double.
,"A TSO officer testing her new scanner on her sister as she walks in, to which she gives her terrible input.",[MCC] at the library doors,"Scanner sc = new Scanner(System.in); records what the user enters in the console and stores it in sc as an input stream."
,"Elon Musk launching babies into rocket-shaped boxes labeled with different data types, each screaming as it locks inside.",,The initializer list method for creating an array is formatted as String[] = {"String"}; where String is the data type in the array.
,"Taylor Swift cloning herself five times in a microwave, each ghost copy staring blankly into nothingness.",,The new method for creating an array is formatted as String[] = new String[5]; where 5 is the number of elements. All values are initialized as null.
,"Kevin Hart measuring his height with a tape measure, screaming 'LENGTH!' as it snaps and launches into his face.",,The .length property of arrays stores the length of the array.
,"Dwayne Johnson running through a library, grabbing every third book and screaming at it, but never actually opening one.",,A for each loop / enhanced for loop iterates through arrays, cannot modify arrays, and is formated as for(String i : arr) { }; where string is the type, i is the element, and arr is the array name.
,"Lady Gaga stripping off layers of her crazy outfits mid-performance, revealing entirely new costumes underneath each time.",,ArrayLists are dynamic arrays that can be changes while the program is running. You import them with import java.util.ArrayList;. You initialize them with ArrayList<Integer> numbers = new ArrayList<Integer>();
,"Will Smith using a giant measuring tape to wrap around a crowd of people, counting them all at once.",,To get the size of an ArrayList, you use .size().
,"Kanye West adding more shoes to his collection, each pair dropping from the ceiling onto existing piles and crushing them.",,To add to an ArrayList, you use .add(). You can also specify the index with the first number of it.
,"Gordon Ramsay ripping pages out of a cookbook and throwing them into the fire, screaming 'GET OUT!' at each one.",,To remove from an index with an ArrayList, you can use .remove().
,"The Rock reaching into a messy pile of wrestlers, grabbing a specific one by the throat and pulling him out.",,To get from an ArrayList, you use .get();
,"Dr. Strange shattering a mirror into hundreds of pieces, then peeling open each shard to reveal a smaller mirror inside.",,A 2D Array is an array inside of an array, and can be initialized with [][] instead of [].
,"SpongeBob reaching into Patrick's open mouth, pulling out individual letters and screaming until he finds a specific one.",,To reference a character within a string, use the .charAt() method.
,"Kim Kardashian trying to change her outfit mid-red carpet, security tackling her - the photos are frozen forever, but she can change again later.",,In Java, strings are immutable, but can be reassigned.
,"Sherlock Holmes sniffing a bag of white powder, declaring 'I detect the scent of sugar!' as Watson's eyes widen in horror.",,The .contains() method checks if a string contains a word or character.
,"Freddy Krueger slicing through a movie screen, cutting exactly at the frame marks and leaving only a middle strip.",,The .substring() method slices a string at two indices.
,"Edward Scissorhands trimming the extra fat off both ends of a sandwich, leaving only the meat inside.",,The .trim() method removes subspace at the beginning and end of a string.
,"The Joker swapping the red and blue paint in buckets, a horrified kindergarten teacher watching him paint over kids' artwork.",,The .replace() method will replace a word with another within a string.
,"Batman checking his utility belt, confirming the Batarang is there before throwing it.",,The .startsWith() method returns true if the string starts with the word.
,"Harley Quinn frantically tossing cards into a deck, counting until she finds the exact position of where the joker was hiding.",,The .indexOf() method returns the index of a word in a string.
,"Donald Trump grabbing a megaphone, screaming everything in ALL CAPS until his face turns purple.",,The .toUppercase() and .toLowercase convert a string to uppercase or lowercase.
,"Godzilla smashing through Tokyo, crushing buildings into each other as they fuse into one giant mega-structure.",,The .concat() method is an alternative way to concatenate strings.
,"Two identical twins looking at each other through different mirrors, realizing they're the same person despite different reflections.",,Using "new" to create a string makes it an object that cant be compared with other strings. The .equals() method compares regardless of how strings were created.
,"Scarlett Johansson comparing herself in two different movies, deciding she prefers one role and rejecting the other.",,The .compareTo() method returns a negative value if the string comes first in a dictionary.
,"Iron Man building a storage warehouse between his computer and a giant disk, dumping data into it to avoid waiting forever for the slow disk.",,A buffer is a block of memory that stores data, and is used to interact with your program (fast) and with the disk (slow), because directly writing to the disk is very slow, doing one thing at a time.
,"Tony Stark assembling a high-tech writing machine between his reactor and a slow backup drive, data flowing through at lightning speed.",,To use a buffer with the file writer, import java.io and use a buffer object with BufferedWriter writer = new BufferedWriter(new FileWriter(path));
,"Captain America etching 'VICTORY' into a shield, then smashing it into pieces to finish the battle.",,Use the .write() method to write and .close() method to close with a BufferedWriter object.
,"Keanu Reeves dodging bullets in slow motion, each bullet imprinting a perfect line break wherever it misses him.",,Use the .newLine() method to add a new line with a BufferedWriter object.
,"Wolverine writing into a journal, cutting himself open each time he adds to it instead of creating a new page.",,Add true after the path to append to the file rather than overwrite, with BufferedWriter writer = new BufferedWriter(new FileWriter(path, true));
,"The Hulk smashing through a wall of paperwork, every sheet costing millions in destruction as he roars.",,I/O operations are considered "expensive" for computers
,"Spider-Man spraying ink from his wrists onto webs, creating beautiful patterns instead of just silk.",,You can also use print and println with the PrintWriter object with BufferedWriter writer = new BufferedWriter(new PrintWriter(file));
,"Thanos snapping his fingers, transforming reality where %d becomes soldiers and %s becomes ships instantly.",,You can use formatted strings with System.out.printf(); and %d specifies an integer while %s specifies a string.
,"Harry Potter using the Accio spell on a book, the pages flying out one by one as he reads each line.",,To read a file, use BufferedReader reader = new BufferedReader(new FileReader(path)); and use the .readLine() method to read lines.
,"Doctor Strange using the Eye of Agamotto, glowing green when there are more spells to read, fading when empty.",,The .ready() method of BufferedReader returns true if the file can still be read.
,"Saw from Saw cutting through a sentence with a chain saw, each word falling apart into bloody pieces.",,Tokens are individual word substrings of the original string. To break up a string into tokens, use the .split(" ") method with what you want to split it by.
,"Jason Voorhees chopping victims apart with a knife in a specific pattern - head in one pile, arm in another, leg in another.",,The java.util package has the StringTokenizer class that breaks strings into tokens with StringTokenizer tokens = new StringTokenizer(line, " ");
,"Michael Myers trying to stab through a bulletproof glass wall, the knife bouncing off as he screams in frustration.",,When writing and reading files, always catch the IOExceptions or else it won't work.
,"Dexter Morgan organizing his victims in a spreadsheet, each cell containing one dismembered body part.",,To read a csv, use CSVReader reader = new CSVReader(new FileReader(path));. You need to import apache.commons, java.io, and opencsv.
,"Walter White cooking crystal blue stuff in a lab, placing each perfect crystal into its own labeled box on the shelf.",,With the CSVWriter class, you use the .writeNext() method to write an array of strings to a line of a CSV.
,"The Avengers standing at airport security, Hulk being told 'YOU CAN PASS', Thor 'ANYONE CAN', Black Widow 'NOWHERE', Iron Man 'RETURN NOTHING'.",,In the head of Java programs, 'public' determines where the method can be accessed, 'static' determines what can access the method, 'void' determines if their is a return value, and 'main()' is the name of the method.
,"The Incredible Hulk smashing a giant 'START' button, triggering all the other heroes to spring into action.",,The main() class is what runs when you run the program, and all other methods are called from it to run.
,"Tony Stark updating his suit documentation, adding '@author: STARK', '@version: 10', '@param: ARC REACTOR POWER', '@return: AWESOME'.",,In-line documentation of methods and classes are standard in Java. They use @author for name, @version for version, @param for parameters taken, and @return for any values it returns. This is so javadoc can generate an HTML docs.
,"Deadpool crashing his car into a concrete wall because he forgot to turn - the car explodes mid-sentence.",,An exception occurs when an operation cannot be successfully completed because a rule is broken.
,"A giant statue of Lincoln sharing itself with all visitors, but private statues locked behind glass only the museum can touch.",,Only static variables can be accessed by static methods, so you need to put static before the declaration when declaring a global variable for them.
,"Captain America handing his shield to a wall, cementing it there forever - nobody can ever change or take it.",,To declare a constant, as an unchangeable global variable, add the keyword final before its declaration.
,"Wolverine's healing factor activating instantly after every wound, his skin knitting itself regardless of what hit him.",,The finally block in exception handling specifies code to execute regardless of any error or exception.
,"Two doctors in a hospital - one checking in patients (extends Exception), one treating walk-ins (extends RuntimeException).",,To create a checked exception, extend Exception. To create an unchecked exception, extend RuntimeException.
,"Saw looking through his medical files, finding the exact folder containing his victims' identities.",,The .getClass() method returns the class type.
,"Black Widow interrogating files, each folder revealing a different secret agent's mission list as she tears through them.",,Calling .getDeclaredMethods() on a class object returns a type method array of all the methods of the class.
,"Iron Man building blueprints for suits - each blueprint showing exactly what armor pieces go together and how they move.",,Classes: a collection of data and the actions that can modify the data. Classes were created to give users a mental model of how to think about data in a more concrete way. Classes act as the blueprint. They tell Java what data is collected and how it can be modified.
,"Tony Stark manufacturing suits from his blueprints, each robot standing ready to fight.",,Objects are constructed according to the blueprint that is the class.
,"Wolverine being born in a birthing scene, doctors immediately assigning him claws, healing factor, and adamantium skeleton at birth.",,Constructors are special method for classes, that assigns values to be associated with the objects. In Java they are written as function with the classes name, and written within the class definition, with all the value declarations within the curly braces.
,"Spider-Man being born with radioactive spider venom already in his system, customizing his powers at birth.",,The constructor can have attributes that the class will take during instantiation
,"All Spider-Men across the multiverse sharing the same spider-sense - when one tingles, they ALL tingle simultaneously.",,The static keyword when used in a class makes attributes class attributes, meaning they are the same for all objects, and modifiying them for one object does it for all.
,"Two identical twins sharing the same memories and DNA - hurt one, the other feels the pain.",,Shallow copies are copies of objects that share attributes with the original, while deep copies have new attributes.
,"Doctor Strange casting a spell that affects all of reality simultaneously - no need to summon him individually.",,Static methods, methods that use static in their declaration, make changes to the whole class. They are called in the format Class.method(), and can be called without instantiating an object.
,"Iron Man locking his suit blueprints in a vault, only letting specific Avengers read certain pages.",,Encapsulation is a concept in which related data and methods are grouped together, and in which access to data is restricted. Classes are an example of encapsulation. Encapsulation makes the individual data in classes public or private.
,"The Avengers Tower's glass doors open to anyone, allowing free access to all floors.",,The public keyword means that the constructors, methods, or attributes can be accessed by an instance of a class.
,"Iron Man's personal lab - thick walls, biometric scanners, NOBODY enters except Tony himself.",,The private keyword means that the constructor, attribute, or method can only be accessed by the class itself.
,"Wolverine keeping his skeleton and organs locked inside his body - nobody can touch or modify them directly.",,Encapsulation asks that all attributes be private.
,"Captain America's shield handle is the only public way people can interact with his indestructible shield.",,The constuctor in a class should be public, it is your way to interact with the private data.
,"Hulk's muscles splitting off from his body and running around as独立的 green monsters.",,Use the extends keyword to create a subclass with all the attributes of the superclass.
,"Tony Stark designing War Machine - taking Iron Man's plans and adding GUTS (parameters) to Colonel Rhodes.",,super(params) is used in subclass constructors to pass their parameters to the superclass.
,"Miles Morales checking suit computers - 'Yes, I am Spider-Man' - the AI confirms he has ALL Spider powers.",,The instaceof operator returns true if an object is an instance of the class, including all of its superclasses.
,"Any hero being asked 'Are you an Avenger?' - Iron Man, Cap, Thor, Black Widow, and even Spider-Man all can answer yes.",,The substitution principle allows a subclass to be accepted when its superclass is needed.
,"Winter Soldier reprogramming, the words 'OVERRIDE MISSION' flashing across his eyes before he breaks Hydra's control.",,@override lets the compiler know you are overriding a superclass method.
,"Wonder Woman inheriting from BOTH gods (Hera and Athena) - but they're both the same type (Olympian goddess), so it's allowed.",,Multiple Inheritance: when a class inherits from more than one superclass, but the superclasses must be the same type.
,"The Tesseract - one glowing cube that takes different forms as it opens different portals.",,Polymorphism is where a single interface takes different forms. Often similar operations go by the same name.
,"Iron Man having multiple laser attacks called 'REPULSOR BLAST' - one hand shoots, two hands shoot, full armor shoots - same name, different power.",,Overloading is when you make multiple method definitions the same name in a class, but different parameters. Java uses whichever one accepts the right parameters when the method is called. This can also be done with the constructor.
,"An invisible ghost suit - Tony Stark has the blueprints, but he can never actually build or wear it.",,Abstract classes are classes that can't be instantiated, and are defined by using the abstract keyword before. They serve as superclasses.
,"A monster manual showing a 'DRAGON' entry - no picture, no stats, just the word 'FILL THIS YOURSELF' at the bottom.",,Abstract classes can have abstract methods, which don't have a body and are required to be overrided by subclasses.
,"Shapeshifting alien that can become ANYTHING - human, animal, furniture - all contained in one flexible body.",,Generics allow you to have a single class that works with many types. They use <T> after the class name definition, and T represents the generic type. They are also called with the <> instead of ().
,"The alien transforms: one form is Element, one is Key, one is Number, one is Type, one is Value - all generic forms.",,Generic parameter notation is E for elements, K for key, N for number, T for type, and V for value.
,"Tony Stark's repulsor tech - used in his suit, his cars, his weapons, his base - flexible system anywhere.",,You can define generic methods, which don't need to be in generic classes. To do this, add the <T> before the return value in a method.
,"The alien having two forms at once - one transforming Type, one transforming Value simultaneously.",,Defining a generic class or method with <T, V> allows for two spots, one for a generic type and one for a generic value. You need to do this for multiple generic types, because it can't accept two Ts.
,"Shapeshifter that can ONLY extend into other superheroes - can't be a villain or civilian.",,You can use extends after T to create a bounded generic that accepts only subclasses.
,"The question mark-shaped alien - nobody knows what it is, it just IS whatever you need it to be.",,Using a ? as the generic type is called a wildcard, and can be any type.
,"All Avengers training together at the compound - they can all use each other's equipment freely.",,When you compile files in the same folder, the classes can be accessed by all the files.
,"A contract signing - Tony Stark MUST implement everything in the Iron Man suit specifications or he's fired.",,Interfaces are like abstract classes, but they force the user to write code for all of their methods. This is why they use implements rather than extends.
,"Batman using a calculator - counting all his gadgets (fixed memory) AND all the villains he fights (variable memory) simultaneously.",,Space complexity is calculated as fixed memory (variables that don't change) plus variable memory (variables that change) in an algorithm.
,"Hulk smashing everything in sight until it's small enough to handle - dividing chaos into tiny manageable pieces.",,The Divide and Conquer technique is where the problem is divided into smaller subproblems, until they are solveable, such as recursively dividing an array until they are size 2 and can be sorted. Divide and conquer is expressed in code as recursion.
,"Tony Stark's suit power running low as he fights more enemies - the equation of power drain vs enemies defeated.",,The reccurence relation is the equation that describes the relationship of values at different input sizes, to measure the efficiency of recursive algorithms.
,"Doctor Strange calculating spell complexity - T(n) = a*T(n/b)+f(n) - time to cast bigger spells based on smaller ones.",,The master theorem measures the time complexity in divide and conquer reursive algorithms and is expressed as T(n) = a*T(n/b)+f(n)
,"Deadpool taking jobs greedily - ALWAYS picking the highest paying mission first, never planning ahead.",,Greedy algorithms build up a solution piece by piece, always choosing the next piece that offers the most immediate benefit or profit. This approach is mainly used to solve optimization problems.
,"Iron Man solving problems by keeping answers in his suit's memory, never rethinking the same thing twice.",,Dynamic programming is a technique for solving problems by breaking them down into smaller subproblems, storing the solutions to the subproblems for reuse. This is more efficient, since there are no repeat calculations.
,"Wolverine's brain storing every fight he's ever been in - when enemies return, he remembers their exact moves and counters instantly.",,Memoization, or top-down approach, is an optimization technique used to speed up computer programs by storing the results of expensive function calls and returning the cached result when the same inputs occur again.
,"Spider-Man swinging through the city, forgetting which buildings he just webbed and having to recalculate his path every time.",,A naive recursive function is called "naive" because calculations are forgotten after each recursive call.
,"Tony Stark building a giant spreadsheet table, filling in every cell with data before making any decisions.",,Tabulation, or bottom-up approach, is a dynamic programming technique where you use 2D arrays to store reusable data in a table.
,"Cinderella cleaning a messy room - scanning the floor, finding the smallest piece of dirt, putting it in the corner, repeating until the room is perfectly sorted.",,Selection Sort: Starting with the first element in the list as the working element, move down the list to find the smallest number and replace it with the working element. Repeat until sorted. It's time complexity is O(n^2) but space complexity is O(1).
,"Goldfish swimming to the top and comparing with neighbors, swapping places if out of order - repeating until reaching the surface sorted.",,Bubble Sort: Move up the list comparing each element with it's adjacent value, swaping them if they're in the wrong order. Repeat until the list is sorted. It's time complexity is O(n^2) but space complexity is O(1).
,"Organizing poker cards - pick the second card, slip it before the first if needed, then the third card, sliding it into spot - working up the hand.",,Insertion Sort: Start with the second element, and compare it with each element to the left until you find the right spot for it. Repeat this with each element up the list until you reach the end. The time complexity is O(n^2), best case being O(n), which adapts depending on how many elements are unsorted.
,"Doctor Strange splitting reality in half repeatedly, then merging each half back together perfectly until one universe remains.",,Merge Sort: Recursively divide the list in halves until all sublists have 1 element, and compare each sublist until each has 2 elements, and then merge each sublist with one another until it is 1 list again. It's a divide-and-conquer algorithm with a time complexity of O(nlogn) and space complexity of O(n).
,"Tony Stark picking a random Avenger as the 'pivot', then shoving everyone else to left or right of them, repeating until perfectly lined up.",,Quick Sort: Select an arbitrary pivot element, and go through each element around the pivot, comparing them to it and swapping them to the correct side. Recursively repeat this on the two subarrays on each side of the pivot. It is divide-and-conquer with a time complexity of O(n^2), best case O(nlogn).
,"Spider-Man leaping huge chunks of buildings to find Green Goblin, then swinging normally through smaller sections between.",,Jump Search: Jump to the element that is the square root of the array size away and compare it to the target. If the jump was too far, do a linear search. Otherwise, repeat the jump with the square root of array size more than the last. It's time complexity ranges from O(sqrt(n)) to O(1), and space complexity is O(1).
,"An invisible blueprint showing 'DATA STRUCTURE' in alien symbols, no specific programming language mentioned.",,abstract data types (ADT) are general abastract ways to describe data types, regardless of the programming language.
,"A marching line of soldiers arranged perfectly - inserting new soldiers, removing wounded ones, marching through the formation, searching for specific officers.",,List: a data structure where elements are stored sequenially. Operations include insertion, deletion, traversal, and searching.
,"Bookshelf built into a wall - slow to slide books in/out, but INSTANT to grab any book by position.",,Array-based list insertions and deletions are generally O(n) which is slow, but lists have O(1) fast access to random elements.
,"Chain of prisoners holding hands - easy to add/remove people, but impossible to find prisoner #37 without walking through everyone.",,Linked-list insertions and deletions are O(1) which is fast, while random access to elements is O(n) slow.
,"Java's magic bookshelf that auto-reverses, shows glimpses of sections, contains, removesIf conditions, and finds pages instantly.",,Java collections has a List type, which is instanciated as an ArrayList, with built in reverse, sublist, contains, removeIf, and indexOf methods.
,"Conveyor belt of prisoners, each person holding their own handcuffs AND the handcuffs of the person behind them.",,Linked list: a linear data structure made up of nodes, where each node contains data and a reference (or link) to the next node in the list.
,"Freddy Krueger's finger knives - each slash points to the next victim, the last victim simply bleeds into nothingness.",,In the context of a linked list, a pointer is simply a reference to another node. You can't manipulate memory addresses in Java like you can in C and C++. In a Linked List the last pointer is null.
,"Cerberus guarding Hades - one head at front, one at back, both watching the line of damned souls entering.",,Liked lists have a head and a tail, and for traversal you can start at the head.
,"Chain gang walking to the end of the line before shackling a new prisoner - must walk ALL the way to connect.",,To add elements to a Linked List you first need to traverse to the end.
,"Saw measuring: walking all prisoners(O(n)), counting heads(O(n)), adding to front instantly(O(1)), adding to back after walking(O(n)), cutting front instantly(O(1)), cutting back after walking(O(n)), searching everyone(O(n)).",,Basic Linked List operations include traversal O(n), count nodes, insert at beginning O(1), insert at end O(n), delete from beginning O(1), delete from end O(n), and searching O(n).
,"Warehouse expansion - every new prisoner requires building another cell.",,The space complexity for a linked list is O(n).
,"TARDIS - bigger on the inside, INSTANT space expansion without moving anything.",,ArrayLists have O(1) fast insertions.
,"Library catalog - instant teleportation to any book when you know the exact shelf number.",,Arrays have O(1) fast searching when you know the index.
,"Double-ended sword - each blade points opposite directions, can stab forward AND backward.",,Doubly Linked List: a list of nodes, where each node has two pointers. One references the next node in the list, while the other pointer references the previous node. This allows for bidirectional traversal.
,"Cerberus triple speed: add front instantly(O(1)), add back instantly(O(1)), add middle after search(O(n)), remove front instantly(O(1)), remove back instantly(O(1)), remove middle after search(O(n)), patrol all(O(n)), hunt specific(O(n)).",,Basic Doubly Linked List operations include insert at beginning O(1), insert at end O(1), insert at position O(n), delete at beginning O(1), delete at end O(1), delete at position O(n) or O(1) with pointer, traversal O(n), and searching O(n).
,"Ouroboros - snake eating its own tail, forming an infinite loop that has no end.",,Circular Linked List: a Linked List in which the last node points back to the first node, thereby forming a loop.
,"Infinite snake: add head instantly(O(1)), add tail instantly(O(1))/slow(O(n)), add middle after search(O(n)), remove head instantly(O(1)), remove tail instantly(O(1)), remove middle after search(O(n)), swim forever(O(n)), hunt forever(O(n)).",,Basic Circular Linked List operations include insert at begining O(1), insert at end O(1)/O(n), insert at position O(n), delete from beginning O(1), delete from end O(1), delete at position O(n), traversal O(n), and searching O(n).
,"Prison pile in a narrow cell room - can ONLY touch the top prisoner, pushing new ones on top and pulling them off from above.",,Stack: A data structure that you can only modify the top of. The order in which they are organized is LIFO.
,"Jail cell door: push prisoner in(O(1)), pop prisoner out(O(1)), check if empty(O(1)), check if full(O(1)), peek at top(O(1)).",,Basic Stack operations include push (adding), pop (deleting), isEmpty, isFull, and sometimes peek (look at first element). All of these are O(1)
,"Overflowing prison with one more prisoner - the walls explode, guards screaming 'ILLEGAL STATE!' as bodies spill everywhere.",,If the Stack is full, you can throw an IllegalStateException.
,"Line at Disney World - new families join at the back, families leave from the front, nobody cuts in the middle.",,Queue: A data structure that you can only add to the end and delete from the beginning. They are organized as FIFO.
,"Disney line: add at back(O(1)), remove from front(O(1)), peek at front(O(1)), check if empty(O(1)), check if full(O(1)).",,Basic Queue operations include enqueue (add to beginning), dequeue (remove from end), peek, isEmpty, isFull. All of these are O(1).
,"Villain line: standard concrete hallway efficient, magical expanding hallway flexible but wasteful.",,Array-based queues are more time and memory efficient, while Dynamic Array-based queues are more flexible.
,"Line at VIP club - bouncers throw out people with the lowest prestige first, most famous celebrities stay longest.",,Priority Queue: Like any other queue/stack, but there is an added dimention of priority. They dequeue based on priority. They have the same basic operations as queues.
,"VIP bouncer checking prestige: searching everyone for VIPs(O(n)), ejecting lowest prestige(O(n)), spotting front instantly(O(1)), checking empty quickly(O(1)), counting heads fast(O(1)).",,Array-based priority queues have the time complexities: O(n) enqueue, O(n) dequeue, O(1) peek, O(1) isEmpty, O(1) size.
,"VIP chain gang: searching everyone(O(n)), ejecting front quickly(O(1)), spotting front instantly(O(1)), checking empty fast(O(1)), counting instantly(O(1)).",,Linked-list-based priority queues have the time compexities: O(n) enqueue, O(1) dequeue, O(1) peek, O(1) isEmpty, O(1) size.
,"VIP rope line: same efficiency as chain gang - both better than standard bouncer hallway.",,Array-list-based priority queues have the same time complexity for operations as Linked-list based one. Both are better than array-based ones.
,"Restaurant bills over 100 nights - some nights $10, others $1000, averaging out to reasonable cost per dinner.",,Amortized means an average time per operation over a sequence.
,"Double-ended prison - guards can push prisoners in front OR back, pull them out from EITHER side.",,Deque: A queue that allows adding and removing elements from both ends. Pronounced "deck", stands for double-ended queue. It can be implemented with a doubly-linked-list or an array.
,"Front/back jail: add front(O(1)), add back(O(1)), remove front(O(1)), remove back(O(1)), peek front(O(1)), peek back(O(1)), check empty(O(1)), count instantly(O(1)).",,Deque operations include: addFront, addRear, removeFront, removeRear, peekFront, peekRear, isEmpty, and size. All are O(1) given there is no resizing needed. The space complexity of deques are linear.
,"Yggdrasil - massive world tree with branches going in all directions, worlds connected by glowing links.",,Tree: A non-linear data structure that emulates a tree structure with a set of linked nodes.
,"Thor swinging Mjolnir between World Tree branches - each swing is an edge connecting realms.",,An edge is the link between two nodes.
,"Thor striking root, then left branch, then right branch - hitting all nodes in that order.",,Pre-order tree traversal: root to left to right
,"Thor swinging at left branch, then striking root itself, then swinging at right branch.",,In-order tree traversal: left to root to right
,"Thor smashing left, then right, then finally hitting the root at the center.",,Post-order tree traversal: left to right to root
,"Cerberus - three-headed dog, can only have up to two puppies at once per head.",,Binary Tree: A tree that can have at most 2 children.
,"Librarian organizing books - every book's left side authors come before it alphabetically, right side authors come after.",,Binary Search Tree: A tree in which for every node, the value of all the nodes in its left subtree is less than its own value, and the value of all the nodes in its right subtree is greater. It typically has no duplicates, and it's operations are O(h).
,"Tree climbing championship - minimum number of rungs needed equals log2(climbers - 1).",,For a binary tree with n nodes, the minimum possible height or the minimum number of levels is log2(n-1).
,"Perfectly balanced scale - left side always within one unit of right side weight.",,A balanced binary tree is one where the depth of the left and right subtrees of every node differ by at most one. Balanced trees are essential for maintaining O(logn) for core operations.
,"Pregnant Cerberus - each head either empty or pregnant with EXACTLY two puppies, never one.",,Full Binary Tree: Every node has exactly 0 or 2 children (not 1).
,"Cerberus family tree - every generation has all heads full to same level.",,Perfect Binary Tree: A full binary tree where all leaf nodes are at the same level.
,"Sad lonely tree - every parent has only ONE child, forming a pathetic line instead of branching.",,Degenerate (or Pathological) Tree: A tree where each parent node has only one child, making its performance similar to a linked list.
,,DFS
,"Caterpillar crawling up a tree - eating all leaves on current level before climbing to next level.",,Breadth-first Search: A tree search algorithm that traverses level by level and visits all the nodes at the current level from left to right before progressing to the next level.
,"Spider swinging down ONE branch at a time as deep as possible, then backing up to find next branch.",,DFS is O(n) and space complexity of O(h)
,"Sherlock Holmes solving tree mysteries: finding paths, tracking connected areas, exhaustively searching every possibility like solving crimes.",,DFS is used to effectively find a path between to nodes in a tree, identify all connected components or nodes reachable from a given node, and used in scenarios where we need to explore the solution space exhaustively, like solving puzzles or making decisions.
,"Bees pollinating flower by flower across the tree level - shortest routes, perfect balance, starting from trunk.",,BFS is O(n) and space complexity of O(w)
,"Bee applications: finding quickest nectar route, level by level exploration, solutions near the root.",,BFS is used for efficiently finding the shortest path in unweighted graphs or trees and for traversing a tree level by level, which is crucial for various applications, including balancing trees and visual representations, and is best suited for solutions close to the root.
,"Contortionist balancing tree on shoulders - constantly rotating to keep both sides level, never leaning more than one head-height off balance.",,AVL Tree (Anderson-Velsky and Landis): A binary search tree that maintains its balance through rotations during insertions and deletions. They have a balance factor, that for every node, it's left child height minus right child height must be -1, 0, or 1. Their nodes store height as an attribute.
,"AVL gymnastics: LL rotation (left twist), RR rotation (right twist), LR rotation (left then right), RL rotation (right then left) - balancing when tree goes off-kilter.",,AVL Trees have four rotations that restore the balance if the tree becomes unbalanced, and are also taken into account with insertion and deletion - LL Rotation: Left rotation around the unbalanced node RR Rotation: Right rotation around the unbalanced node LR Rotation: Left rotation followed by a right rotation RL Rotation: Right rotation followed by a left rotation
,"Red-black tree height equals perfectly balanced tree height - always log(n).",,The height of an AVL is O(logn).
,"AVL performance: insert O(logn), remove O(logn), search O(logn), building prison for n prisoners O(n).",,Insertion, deletion, and search for AVL Trees are all O(logn). Space complexity is O(n) for n nodes.
,"Traffic light tree with red and black nodes - root always red, outer leaves always stop sign red, never two reds touching, every path has same number of reds.",,Red-Black Tree: A specialized binary search tree that uses node coloring and rotations. Root nodes and NIL (childless) leafs are always black. No two red nodes can occur consecutively. All paths from a node to its leaf descendants must contain the same number of black nodes.
,"Red-black tree backbone: high-speed databases use it, operating systems map memory blocks, container libraries rely on its perfect balance.",,Red-Black Trees form the backbone of many high-performance in-memory databases, help manage the blocks of memory in operating systems, and are used in various container libraries due to their ability to maintain balance and provide consistent performance.
,"Red-black rotations + recoloring: left twist when right child and grandchild both red, right twist when left child and grandchild both red - painting nodes afterwards.",,Red-Black Trees have two main rotations (after which recoloring is done) : Left Rotation: performed when a right child is red, and its child is also red, or during deletion when re-balancing is required. Right Rotation: applied when a left child is red, and its child is also red, or during deletion re-balancing.
,"Red-black speed: all operations O(logn), space for n nodes O(n).",,All operations on a Red-Black Tree are O(logn). Space complexity is O(n).
,"Ogre with many arms - can have waaaay more than 2 children like simple tree, still keeping them sorted.",,B-Tree: A balanced tree that an have more than 2 children unlike a BST, and kept in sorted order. A B-Tree of order m has internal nodes with at least m/2 children and non-leaf nodes with k children contains k-1 keys.
,"Database B-tree: giant file systems use it, minimal disk reads/writes, perfect for storage where most data lives on slow disk not fast memory.",,B-Trees are widely used in databases and file systems due to their ability to efficiently handle large amounts of data. Their structure allows for minimal disk reads and writes, making them ideal for storage systems where data is not primarily kept in memory.
,"B-tree performance: all operations finish in O(logn) time, storing n items takes O(n) space.",,B-Trees have a time complexity of O(logn) for all operations. They have a space complexity of O(n).
,"Family tree pyramid - parents ALWAYS bigger and more important than children in max-heap, opposite in min-heap where kids outshine parents.",,Heap: A specialized tree-based structure that satisfies the heap property. In a max-heap, for any given node i other than the root, the value of i is less than or equal to the value of its parent. Conversely, in a min-heap, the value of i is greater than or equal to the value of its parent.
,"Array heap math: if element at position i, left child at 2i+1, right child at 2i+2, parent at floored(i-1)/2.",,For an array-based heap, if the root element is at index 0, then for any given element at index i: The left child is at index 2 * i + 1 The right child is at index 2 * i + 2 The parent is at index (i - 1) / 2 (floored)
,"Hulk smashing random piles of rocks into a perfect pyramid structure.",,The heapify operation transforms a binary tree into a heap.
,"Adding new warrior to army pile - jam him at bottom, then have him fight his way up against parents until stronger above him.",,To insert into a array heap, you add the element to the end and compare it to it's parent's values to 'heapify up' the heap.
,"King getting assassinated - weakest peasant dragged from bottom to throne, then forced to fight down into proper position.",,To delete the root in a max heap, remove the root element and replace it with the least element, and heapify down.
,"Heap operations: add troops O(logn), remove leader O(logn), searching chaos O(n), building army camps O(n).",,Heaps have O(logn) insertion and deletion, but O(n) searching. They also have O(n) space complexity.
,"VIP club uses heap - most prestigious celebrities at front, bouncers manage levels perfectly.",,Heaps are often used to implement priority queues.
,"Double VIP club - high prestige AND low prestige VIPs both have instant access to bouncers.",,Double-Ended Priority Queues (DEPQs): A data structure that allows efficient access and operations at both ends of the priority spectrum.
,"Sorting by building heap then dismantling it in order - O(n) build, then O(logn) for each removal making O(nlogn) total.",,Heap Sort: A sorting algorithm in which you turn the data into a heap and sorting it, and has O(n) building and O(logn) sorting time complexity. So it has consistent O(nlogn) time.
,"Magic locker room - key + belongings get thrown in, lock calculates spot, same key opens exact locker later.",,Hashmap/Hash Table: An efficient data structure for storing key-value pairs, that hashes the key and value and stores them at that index. If you have the key, you can hash it and find the value at that index.
,"Super fast hashmap: add items instantly(O(1)), remove instantly(O(1)), find instantly(O(1)).",,Hashmaps have very fast operations. Insert, delete, and search are all O(1) time.
,"Parking lot attendant checking spots - finding #5 taken, moves to #6, #7, #8 until finding empty slot.",,Linear probing/open addressing: the process of advancing linearly through the hash table looking for an open slot. After hashing and finding an already taken spot, you could use it to move all the hashes up until there is a free spot.
,"Multi-locker design - each hash number opens a chain of lockers, can store multiple items in same spot.",,Chaining: A solution to collisions in hashmaps in which every slot in the hashmap is a linked list, so you can add multiple values in one hashed index.
,"Hashmap performance depends on: how full the lot is (load factor), smart parking math (hashing function), collision strategies (how to handle full spots).",,Hashmap performance is influenced by the ratio of stored entries to buckets (the load factor), the hashing function, and the collision reduction strategies.
,"Parking lot attendant jumping ahead in mathematical pattern - not just linear, doing squares or calculated hops to spread out spots.",,Quadratic Probing: Like linear probing, but uses a quadratic function on the hash index to calculate the probe sequence, to address clustering.
,"Lot expansion - when too many cars, build bigger parking lot and rearrange everyone into their proper new hash spots.",,Rehashing: A collision reduction technique where you resize the hashmap and rehash values when the load factor reaches a certain threshold.
,"Double hash - attendants using TWO different math functions to calculate spots, spreading out perfectly.",,Double Hashing: A collision reduction technique that utilizes a second hash function to determine the probe sequence. It is a solution to secondary clustering.
,"Parking jam - all expensive cars bunching up around popular hash numbers, making some lanes completely clogged.",,Primary Clustering: An issue that comes up when hashmap creates clusters of used slots around generated hash indices, which happens when you use linear probing.
,"Quadratic formula: (c1 * i² + c2 * i) mod lot size - i being which hop number you're on.",,The function used in quadratic probing is typically of the form (c1 * i^2 + c2 * i) % table_size, where i is the i-th probe.
,"Certain parking spots getting probed way more than others - not a full jam, but some unlucky spots get checked constantly.",,Secondary Clustering: A less severe issue, where certain slots become more likely to be probed than others.
,"Museum curator kicking out least visited exhibits when gallery gets too crowded.",,The LFU caching algorithm evicts the item with the lowest usage frequency when the cache reaches its capacity. This strategy is effective when the application benefits from retaining frequently accessed items over a longer period.
,"Restaurant manager kicking out diners who haven't ordered in longest time when restaurant fills up.",,The LRU caching algorithm evicts the least recently accessed item when the cache reaches its capacity. This approach is beneficial in scenarios where the most recently used items are more likely to be accessed again.
,"Cities connected by roads - buildings are nodes, roads are the edges between them.",,Graph: a set of items connected by links, that are known as vertices (singular: vertex) or nodes, and the links that connect them are called edges.
,"Friend group hanging out - everyone connected but no direction, just mutual friendships between all people.",,Undirected Graph: A set of items connected by links. These items are known as vertices (singular: vertex) or nodes, and the links that connect them are called edges.
,"One-way streets - arrows directing traffic from specific houses to destinations, roads have clear direction.",,Directed Graph/Digraph: graph that features edges with a specific direction. Each edge points from one vertex to another.
,"Toll roads with different prices - some connections cost $5, others $20, each road has a weight.",,Weighted Graph: A graph that assigns a weight, cost, or value to each edge.
,"GPS nightmare route - can drive in one big circle from Starbucks back to Starbucks using road connections.",,Cyclic Graphs: A graph that has at least one cycle. A cycle occurs when you can start at a vertex and return to it by traveling along a sequence of edges.
,"Giant city grid spreadsheet - cell (row, column) shows if road exists from intersection to intersection, or the toll cost for weighted roads.",,Adjacency Matrix: A 2D array where each cell (i, j) indicates whether there is an edge from vertex i to vertex j. In this graph representation, the value in the cell can indicate the presence or absence of an edge, or in the case of weighted graphs, the weight of the edge.
,"Phonebook where each person has a list of friends - index represents person, their list shows everyone connected to them.",,Adjacency List: Represents a graph as a collection of lists (previous examples use Java's Map interface). Each list describes the set of neighbors of a vertex in the graph. The index in the array represents a vertex and each element in its list represents the other vertices that form an edge with the vertex.
,"Phonebook efficiency: add friend instantly(O(1)), remove friend requires calling everyone(O(E)), look up connections by reading lists(O(V)), storing all relationships O(V+E).",,For adjacency lists, the time complexity to add is O(1), to remove is O(E), to look up edges is O(V), and the space complexity is O(V+E).
,"City grid efficiency: build/destroy roads instantly(O(1)), check if road exists instantly(O(1)), but entire city map is huge O(V²).",,For adjacency matrices, the time complexity to add or remove edges is O(1), edge lookup is O(1), and the space complexity is O(V^2).
,"Spider-web search - same techniques: BFS explores entire web layer by layer, DFS dives deep into each connection.",,DFS and BFS work for graph, in this case BFS searches the width of the first level before moving to the next level.
,"Exploring entire region: visiting all locations(V) + all roads between them(E) takes O(V+E) time.",,Time complexity for DFS and BFS is O(V+E).
,"Merging two cities - build new roads connecting every building in City A to its twin in City B.",,To merge graphs, create new edges that connect each vertex to it's corresponding vertex in the other graph.
,"Relationship detective - checking if two people become related through marriage would create family cycle.",,Disjoint Set (Union-Find): A method for cycle detection in graphs, that checks whether an edge creates a connection between two vertices that are already part of the same set, which indicates a cycle.
,"Google Maps planning road trip - set start distance to zero, everything else infinity, visit closest unvisited city, update distances to neighbors, repeat until everywhere visited.",,Dijkstra's Algorithm: Finds the shortest path to all other nodes in a nonnegative weighted graph. It maintains a set of nodes whose shortest distance is know and one that isn't. It sets the start node to zero and all else to infinity, and proceeds to select the closest unvisited node, calculating the distance to each unvisited neighbor and updating if it is smaller. It does this until all have been visited.
,"Dijkstra speed: planning routes through V² time worst case - every city to every other city.",,Dijkstra's Algorithm has O(V²) time complexity.
,"Relaxing tense muscles - Bellman Ford repeatedly rubs knots out of graph, after V-1 massages all muscle tension gone unless negative cycle injury exists.",,Bellman Ford Algorthm: works by iteratively relaxing the edges of the graph. It repeatedly updates the distance to each vertex from the source vertex, based on the edge weights. The key idea is that after V - 1 iterations, where V is the number of vertices in the algorithm, the algorithm will have found the shortest paths to all vertices, unless there is a negative cycle.
,"Minimal network - tree connecting all cities without any loops, exactly V-1 roads needed.",,Spanning Tree: A tree of an undirected graph is a tree that connects all the vertices together without any cycles and includes all the vertices of the graph. It has exactly V - 1 edges.
,"Cheapest roads - spanning tree where total road construction cost is absolutely minimal.",,Minimum Spanning Tree (MST): A spanning tree with the minimum possible total edge weight.
,"Most expensive roads - spanning tree where luxury toll roads cost maximum possible.",,Maximum Spanning Tree: A spanning tree with the maximum possible total edge weight.
,"GPS optimal path - from capital to any other city, following guaranteed shortest route in entire graph.",,Shortest Path Tree: A spanning tree where the path from the root to any other vertex is the shortest possible path in the graph.
,"Kruskal building cheapest roads - sorts ALL roads by cost, picks cheapest, builds if no cycle, repeats until V-1 roads connect everyone.",,Kruskal's Algorithm: A spanning tree algorithm for minimum spaning trees that sorts all edges by ascending weight, picking the smallest edge and adding it if it doesn't create a cycle, and repeats until there are V - 1 edges.
,"Prim's greedy road building - starts at capital, throws ALL outgoing roads in priority queue by cost, builds cheapest road to new city, adds that city's roads to queue, repeats until entire network built.",,Prim's Algorithm: A minimum spanning tree algorithm that first makes a priority queue with all edges from the start vertex, sorted by their weights, extracts the minimum weight edge from the priority queue, if the edge connects to a vertex not already in the MST, add the vertex to the MST and add all its edges to the priority queue, if the edge connects to a vertex already in the MST, discard the edge, and does this until all vertices are included.
,"Kruskal vs Prim speed: sorting E roads takes ElogE time, Prim's city operations take V² time.",,Kruskal's Algorithm has O(ElogE) time, while Prim's algorithm has O(V^2) time.
,"Exclusive club membership - list of special people with no copies allowed, purely mathematical set concept.",,Set: A collection of distinct objects, called elements or members and contains no duplicates; it is an abstraction of the mathematical concept. In Java, there are HashSet, TreeSet, and LinkedHashSet as built-in classes.
,"Intersection ceremony - two clubs comparing guest lists, keeping only people who showed up to BOTH parties using .retainAll().",,To turn a set into it's intersection with another set, use .retainAll() with the other set.